{"mean_": [33.9619659649305, -0.0020904310907164797, 0.00019155631440191496, 43.10356730696784, -0.0013717436163508574, -0.000540691916371299, 20.388435562790765, -13.15620404148888, -13.154647474091059, -8.40082272412618, -19.405687847363303, -19.404104296279932, 0.8496177777777778, 50.295681336224874, 24.950152122509337, 0.0012294407621145041, 21.902642364696103, 74.56826750147148, 41.81515533031409, -18.877049645996152, 51.00318994252805, -19.422143798124516, 2.738813483544058, 18.060387568728313, 127.3612146050884, 0.8796032694960717, 0.2692236567302916, -19.309138512481702], "scale_": [18.064831792458634, 1.223436254730106, 1.8129367435692558, 21.349912244839484, 1.2458516313275216, 1.8139267389657168, 63.07502535247352, 12.553886413410526, 12.54478795588283, 34.31817685397189, 10.470812165929082, 10.456859837802458, 1.165984563385949, 89.1694255219499, 27.963368798907116, 1.8130492034964756, 23.688812058927088, 25.269343244328773, 54.30421729385222, 11.432357324918188, 238.27616641840115, 10.577584488047712, 0.6103276140392058, 15.999497587339158, 109.39869680337206, 0.5093738893342311, 1.2171726852405702, 10.600460001879993]}