{"mean_": [33.80991756324768, -0.03300480014246423, -0.010494001676375046, 43.379285388946535, -0.03770480046034791, 0.018339599067228846, 20.50581937828064, -13.22426119936451, -13.15954979947561, -8.245219590759277, -19.359206200163648, -19.339736600606958, 0.8518, 50.48886637992859, 24.906863600988686, -0.03716620068664197, 21.5663944271978, 74.75739891433716, 41.560244635361435, -18.818806799970567, 49.75515581817627, -19.33819202700085, 2.7401450752019882, 17.816942917698622, 127.67806930999755, 0.8725647020071745, 0.24300227563492954, -19.252586764348177], "scale_": [17.826634492733987, 1.2304122369098562, 1.8074691711162423, 23.304613309539338, 1.2614610575805885, 1.8071585620006627, 63.748664075805145, 12.526407616024212, 12.586150507441012, 34.90041367711822, 10.491901161084009, 10.509100172615138, 1.1746645308342292, 89.72245297303476, 27.716033424893105, 1.7980526586732426, 22.302327068838164, 27.398670212755032, 53.7488953383312, 11.46705953936801, 224.9692095937362, 10.6698927642501, 0.6002435908733409, 15.662047363546847, 110.68814171853352, 0.49070501604833594, 1.2177637234593606, 10.637907005340054]}