{"mean_": [33.973245270371436, -0.0023069669673463585, 0.00018708214224846285, 43.1232531338317, -0.0018211445621194018, -0.001720539358197649, 20.459260450187752, -13.137597397304098, -13.136767125902544, -8.366102767116683, -19.39592934908679, -19.39404330800909, 0.8511571428571428, 50.387808678473746, 24.962029026446054, 0.0012910348448346278, 21.892647308122367, 74.57927582298773, 41.86428597605335, -18.86641558667684, 51.12311962128793, -19.412452579625256, 2.7381919249621354, 18.07645897209891, 127.48430708130428, 0.8796995247511825, 0.2692321415404931, -19.29939563182354], "scale_": [18.07349016504734, 1.2236633102579955, 1.8125515947895363, 21.396313662172215, 1.2459985384572194, 1.8141167366257753, 63.0928978189356, 12.555319943624411, 12.54540430975908, 34.367278083789884, 10.477434566729734, 10.464017019462881, 1.1668996239778353, 89.25465084713473, 27.986618102625233, 1.8129802330242697, 23.6953310824446, 25.265613767063797, 54.34446629998748, 11.439452475089562, 238.4230593525296, 10.58375133518463, 0.610335458125804, 16.02424478343171, 109.5192383686612, 0.5102612879778405, 1.2169064341657343, 10.606780220745764]}