{"mean_": [34.01417738723755, -0.04167380033822265, -0.039435201442521065, 43.35760438804626, -0.042387800227222036, 0.010713799664983526, 20.91646399345398, -13.15693540026939, -13.156691599858622, -8.13632119216919, -19.344395399744997, -19.35196240095105, 0.8524, 50.79164284477234, 24.940311593943836, -0.04078919916190207, 21.57600251042433, 74.62441898612975, 41.92772217297554, -18.79512159986645, 53.415459143447876, -19.369969423574116, 2.739589281797409, 17.855173094952107, 128.1634245147705, 0.8797819357454777, 0.27048117309953085, -19.24412725180234], "scale_": [18.17984170199086, 1.2399070831953916, 1.804045507967039, 21.888519544116658, 1.2369889239759515, 1.8078584750104931, 63.82271870850348, 12.564440382961752, 12.552803575314435, 34.757268313162044, 10.514831357630937, 10.48236816268116, 1.1669679687120809, 89.28046719740567, 27.920734086340804, 1.802251246081097, 22.851473664294723, 23.269325065866706, 55.29378058927222, 11.50530759520377, 235.4232691944984, 10.608641942616737, 0.6121538996060656, 16.213832379129297, 109.72325994163748, 0.5343104175278334, 1.2189344996443636, 10.647477336919183]}