{"mean_": [33.96041232175898, -0.0016687355406900558, 0.0005079622325677149, 43.09934659540671, -0.0010741450997570495, -0.00135190673474369, 20.39657446932616, -13.15149999703335, -13.15001642148101, -8.393158345059994, -19.401621819211936, -19.40026047257242, 0.8499451851851851, 50.299341154327394, 24.95815228920553, 0.0012145363360571812, 21.896596017248875, 74.56221861818737, 41.8185837164861, -18.873105832663036, 50.950736235272444, -19.417017868664537, 2.738731558673691, 18.061176917512753, 127.35910006933142, 0.8796475083519187, 0.26924088078833014, -19.305242344901558], "scale_": [18.053962020486534, 1.2231947954015214, 1.8129718290893373, 21.343820743053186, 1.2459088034143109, 1.8139139816622245, 63.062986927195496, 12.553981370914771, 12.544778227364665, 34.317845318826514, 10.47364830650292, 10.459307341020176, 1.1657516398805645, 89.12741120449621, 27.980492239165734, 1.81316805283286, 23.665581549975794, 25.24334690353508, 54.316955240885434, 11.434498395045077, 237.94014688069825, 10.58233329923106, 0.6102657505334314, 16.009567582588062, 109.3501314607918, 0.5093197646233596, 1.2170726375540823, 10.60290209319864]}